,title,elo,genre,year,W,L,uri
198,But I'm a Cheerleader,371,Romance/Drama/Comedy,1999,6,0,https://boxd.it/1CW4
385,Moonstruck,303,Romance/Comedy/Drama,1987,4,0,https://boxd.it/27zg
69,Baby Driver,290,Crime/Action,2017,4,0,https://boxd.it/bhF2
417,Stardust,278,Romance/Family/Adventure/Fantasy,2007,4,0,https://boxd.it/272w
401,Ella Enchanted,259,Comedy/Fantasy/Family,2004,3,0,https://boxd.it/1O5G
305,Lilo & Stitch,252,Comedy/Animation/Family/Science Fiction,2002,3,0,https://boxd.it/1TAY
380,Treasure Planet,250,Fantasy/Adventure/Science Fiction/Animation/Family,2002,3,0,https://boxd.it/1Znm
160,22 Jump Street,245,Action/Crime/Comedy,2014,3,0,https://boxd.it/5Fvy
433,Robin Hood: Men in Tights,240,Comedy,1993,2,0,https://boxd.it/20H8
215,Gattaca,235,Drama/Science Fiction,1997,3,0,https://boxd.it/29Du
317,Ghostbusters,230,Comedy/Fantasy,1984,3,0,https://boxd.it/g2w
337,Monty Python and the Holy Grail,225,Fantasy/Comedy/Adventure,1975,3,0,https://boxd.it/29GI
35,Calvary,225,Drama,2014,3,0,https://boxd.it/4WE6
329,The Sound of Music,225,Drama/Music/Romance/Family,1965,3,0,https://boxd.it/1MLK
0,The Princess Diaries 2: Royal Engagement,225,Romance/Family/Drama/Comedy,2004,3,0,https://boxd.it/1UyY
231,Little Miss Sunshine,223,Drama/Comedy,2006,3,0,https://boxd.it/29EW
395,The Birdcage,217,Comedy/Romance,1996,3,0,https://boxd.it/1UTi
319,She's the Man,216,Romance/Comedy,2006,2,0,https://boxd.it/1Y7W
8,The Truman Show,212,Comedy/Drama,1998,3,0,https://boxd.it/18U8
121,Big Fish,210,Drama/Fantasy/Adventure,2003,2,0,https://boxd.it/2a3M
67,Miss Congeniality,207,Crime/Comedy/Action,2000,3,0,https://boxd.it/28GM
137,The Grand Budapest Hotel,207,Comedy/Drama,2014,3,0,https://boxd.it/3ZqO
226,The Perks of Being a Wallflower,205,Drama,2012,2,0,https://boxd.it/2ZA8
176,The Muppet Christmas Carol,205,Drama/Family/Comedy/Music/Fantasy,1992,3,0,https://boxd.it/1WgC
509,The Sheep Detectives,205,Mystery/Family/Comedy,2026,3,0,https://boxd.it/NDSe
225,The Silence of the Lambs,200,Crime/Thriller/Horror/Drama,1991,2,0,https://boxd.it/2aHW
56,Saving Face,200,Drama/Romance/Comedy,2004,2,0,https://boxd.it/1Fj0
188,Easy A,196,Comedy,2010,2,0,https://boxd.it/17DK
391,National Treasure,192,Mystery/Adventure/Action,2004,3,0,https://boxd.it/27x0
157,The Princess Bride,192,Adventure/Fantasy/Family/Romance,1987,2,0,https://boxd.it/26EY
507,The Incredible Mr. Limpet,192,Fantasy/Comedy/Family/War/Animation,1964,2,0,https://boxd.it/1EjS
484,Doctor Zhivago,192,War/Drama/Romance,1965,3,1,https://boxd.it/29jk
513,The Christophers,192,Crime/Comedy,2025,2,0,https://boxd.it/RRrO
421,The Road to El Dorado,191,Fantasy/Comedy/Family/Animation/Adventure,2000,2,0,https://boxd.it/1W6s
86,Bo Burnham: What.,189,Music/Comedy,2013,3,0,https://boxd.it/7au4
57,The Mummy,186,Action/Adventure/Fantasy,1999,3,0,https://boxd.it/2a7a
28,Hidden Figures,186,Drama/History,2016,2,0,https://boxd.it/dgS4
489,Buffy the Vampire Slayer,184,Comedy/Horror/Action,1992,2,0,https://boxd.it/1WP8
149,Pee-wee's Big Adventure,184,Adventure/Family/Comedy,1985,4,1,https://boxd.it/22Lw
459,The Wrong Trousers,181,Animation/Family/Comedy,1993,2,0,https://boxd.it/2ack
286,Raiders of the Lost Ark,177,Adventure/Action,1981,2,0,https://boxd.it/2bbs
292,Halloween,177,Thriller/Horror,1978,2,0,https://boxd.it/2wRu
426,Ghostbusters,174,Fantasy/Action/Comedy,2016,2,0,https://boxd.it/Vm8
125,Winter Light,171,Drama,1963,2,0,https://boxd.it/1nrU
75,Superbad,171,Comedy,2007,2,0,https://boxd.it/20hO
187,Dinner for Schmucks,171,Comedy,2010,2,0,https://boxd.it/15dA
474,The Year Without a Santa Claus,171,Family/TV Movie/Fantasy/Animation,1974,2,0,https://boxd.it/1Qgc
250,The Breakfast Club,171,Drama/Comedy,1985,2,0,https://boxd.it/27q4
256,Princess Mononoke,171,Fantasy/Adventure/Animation,1997,2,0,https://boxd.it/2b4w
96,Mike Birbiglia: The New One,171,Comedy,2019,2,0,https://boxd.it/nRvm
71,Mamma Mia!,171,Comedy/Romance,2008,2,0,https://boxd.it/1Tnq
283,Star Wars: The Last Jedi,171,Adventure/Action/Science Fiction,2017,2,0,https://boxd.it/5xme
365,Swiss Army Man,171,Drama/Fantasy/Comedy/Adventure/Romance,2016,2,0,https://boxd.it/bDG2
200,Men in Black,171,Science Fiction/Comedy/Action/Adventure,1997,2,0,https://boxd.it/2a0I
347,Castle in the Sky,171,Fantasy/Adventure/Family/Action/Animation/Science Fiction,1986,2,0,https://boxd.it/1W4G
138,Fantastic Mr. Fox,171,Comedy/Animation/Family/Adventure,2009,2,0,https://boxd.it/1WyQ
361,Over the Garden Wall,170,Animation/Mystery/Family/Comedy,2014,2,0,https://boxd.it/eqFw
36,Tangled,165,Family/Adventure/Animation,2010,2,0,https://boxd.it/15gO
425,Bill & Ted's Excellent Adventure,162,Science Fiction/Adventure/Comedy,1989,1,0,https://boxd.it/28oI
419,The Santa Clause,159,Family/Comedy/Fantasy/Drama,1994,4,1,https://boxd.it/1TWK
343,The Incredible Hulk,159,Science Fiction/Action/Adventure,2008,3,0,https://boxd.it/28dU
461,A Close Shave,157,Animation/Family/Comedy,1995,2,0,https://boxd.it/2aca
456,The Mummy (WITH TOM CRUISE),157,Action/Horror/Fantasy/Adventure/Thriller,2017,2,0,https://boxd.it/8HnW
218,Mean Girls,156,Comedy/Drama,2004,2,0,https://boxd.it/1VNg
331,Scooby-Doo,154,Comedy/Adventure/Mystery,2002,1,0,https://boxd.it/1YaQ
22,Megamind,150,Comedy/Science Fiction/Action/Family/Animation,2010,2,0,https://boxd.it/16Sk
82,21 Jump Street,149,Crime/Action/Comedy,2012,3,1,https://boxd.it/J0
463,The Lord of the Rings: The War of the Rohirrim,148,Animation/Fantasy/Adventure/Action,2024,2,0,https://boxd.it/vDNs
350,Lawrence of Arabia,148,Adventure/War/History,1962,2,0,https://boxd.it/2wRE
402,The Aristocats,148,Comedy/Animation/Family/Adventure,1970,2,0,https://boxd.it/1X3Y
150,Pirates of the Caribbean: The Curse of the Black Pearl,148,Fantasy/Adventure/Action,2003,2,0,https://boxd.it/70G
373,Brother Bear,148,Animation/Family/Adventure,2003,2,0,https://boxd.it/1Xjs
297,The Parent Trap,146,Family/Romance/Comedy,1961,2,2,https://boxd.it/1Fw4
252,The Incredibles,145,Animation/Family/Adventure/Action,2004,2,0,https://boxd.it/1XLm
466,Selma,145,History/Drama,2014,1,0,https://boxd.it/8jak
298,The Rocky Horror Picture Show,144,Horror/Comedy/Science Fiction,1975,2,0,https://boxd.it/1a3q
448,The Muppet Movie,143,Comedy/Family/Adventure,1979,2,0,https://boxd.it/1UrS
236,Howl's Moving Castle,142,Animation/Fantasy/Adventure,2004,2,0,https://boxd.it/23De
62,The Other Guys,142,Comedy/Action,2010,2,0,https://boxd.it/1rtq
180,The Wild Robot,141,Adventure/Animation/Family/Science Fiction,2024,2,0,https://boxd.it/IWFy
9,Pulp Fiction,140,Comedy/Thriller/Crime,1994,2,1,https://boxd.it/29Pq
178,Spirited Away,140,Family/Fantasy/Animation,2001,1,0,https://boxd.it/2b4m
266,Captain America: The Winter Soldier,138,Adventure/Science Fiction/Action,2014,4,1,https://boxd.it/3r58
326,Hercules,138,Animation/Adventure/Romance/Comedy/Fantasy/Family,1997,2,0,https://boxd.it/1SDW
104,Hannah Gadsby: Something Special,137,Comedy,2023,1,0,https://boxd.it/G4Ei
68,Rush Hour,134,Crime/Action/Comedy,1998,2,0,https://boxd.it/27pU
260,Captain America: Civil War,133,Adventure/Action/Science Fiction,2016,2,0,https://boxd.it/89Ja
323,Night at the Museum,132,Fantasy/Family/Comedy,2006,2,0,https://boxd.it/28wi
2,"Planes, Trains and Automobiles",128,Comedy,1987,1,0,https://boxd.it/26zE
39,The Room,128,Drama/Romance,2003,1,0,https://boxd.it/1ICY
449,National Treasure: Book of Secrets,128,Action/Adventure/Mystery,2007,1,0,https://boxd.it/21rq
44,Dr. Strangelove or: How I Learned to Stop Worrying and Love the Bomb,128,Comedy/War,1964,1,0,https://boxd.it/29eY
246,Spider-Man,128,Action/Science Fiction,2002,1,0,https://boxd.it/2a8i
371,Mrs. Doubtfire,128,Family/Comedy/Drama,1993,1,0,https://boxd.it/29Cw
412,The Half of It,128,Romance/Comedy/Drama,2020,1,0,https://boxd.it/m0T4
273,Ferris Bueller's Day Off,123,Comedy,1986,3,0,https://boxd.it/1YPY
389,Atlantis: The Lost Empire,123,Family/Science Fiction/Animation/Adventure,2001,2,0,https://boxd.it/1Vck
189,Scott Pilgrim vs. the World,119,Romance/Action/Comedy,2010,2,1,https://boxd.it/1Aq6
296,The Princess Diaries,118,Comedy/Romance/Family,2001,2,0,https://boxd.it/1XCO
100,Springsteen on Broadway,115,Music/Documentary,2018,2,0,https://boxd.it/kEVq
346,Kingsman: The Golden Circle,114,Crime/Action/Adventure/Comedy,2017,3,1,https://boxd.it/buJm
4,Inception,114,Action/Adventure/Science Fiction,2010,2,1,https://boxd.it/1skk
504,"history of the entire world, i guess",108,History/Documentary/Comedy/Music,2017,1,0,https://boxd.it/rQx0
427,Young Frankenstein,105,Comedy,1974,1,0,https://boxd.it/25To
436,The Last Temptation of Christ,102,Drama,1988,3,1,https://boxd.it/1ULe
24,Wake Up Dead Man,101,Comedy/Thriller/Mystery,2025,3,1,https://boxd.it/uAKS
85,Bo Burnham: Make Happy,100,Comedy/Music,2016,1,0,https://boxd.it/e436
128,"I, Robot",100,Action/Science Fiction,2004,1,0,https://boxd.it/27y8
163,Stargate,100,Action/Adventure/Science Fiction,1994,1,0,https://boxd.it/27iu
179,KPop Demon Hunters,100,Fantasy/Comedy/Music/Animation,2025,1,0,https://boxd.it/ufwK
203,Rain Man,100,Drama,1988,1,0,https://boxd.it/2avw
220,Bottoms,100,Comedy,2023,1,0,https://boxd.it/uGf2
229,The Matrix,100,Science Fiction/Action,1999,1,0,https://boxd.it/2a1m
245,The Lord of the Rings: The Return of the King,100,Action/Fantasy/Adventure,2003,1,0,https://boxd.it/2b5u
352,Chicago,100,Comedy/Crime/Drama,2002,2,1,https://boxd.it/28zm
12,The Departed,100,Thriller/Crime/Drama,2006,1,0,https://boxd.it/28MA
16,DodgeBall: A True Underdog Story,100,Comedy,2004,1,0,https://boxd.it/1YAY
26,The Seagull,100,Comedy/Drama/Romance,2018,1,0,https://boxd.it/bob4
38,Whisper of the Heart,100,Drama/Animation/Family,1995,1,0,https://boxd.it/17uy
48,Ant-Man,100,Adventure/Science Fiction/Action,2015,1,0,https://boxd.it/3vmW
106,John Mulaney: Kid Gorgeous at Radio City,100,Comedy/TV Movie,2018,1,0,https://boxd.it/iTts
118,Steve Martin and Martin Short: An Evening You Will Forget for the Rest of Your Life,100,TV Movie/Comedy/Music,2018,1,0,https://boxd.it/j6p4
134,We're the Millers,100,Comedy/Crime,2013,1,0,https://boxd.it/4srQ
175,The Holdovers,100,Drama/Comedy,2023,1,0,https://boxd.it/vHza
241,Soul,100,Music/Drama/Family/Animation/Fantasy,2020,1,0,https://boxd.it/ioLA
303,The Wizard of Oz,100,Adventure/Fantasy/Family,1939,1,0,https://boxd.it/29Xu
307,Hot Fuzz,100,Action/Crime/Comedy,2007,1,0,https://boxd.it/2416
348,Hocus Pocus,100,Comedy/Family/Fantasy,1993,1,0,https://boxd.it/1Wgi
387,Army of Darkness,100,Comedy/Fantasy/Horror,1992,1,0,https://boxd.it/29G4
471,Rudolph the Red-Nosed Reindeer,100,Family/Adventure/Animation/Fantasy,1964,1,0,https://boxd.it/1Qis
493,Charlotte's Web,100,Fantasy/Comedy/Family,2006,1,0,https://boxd.it/1Xn0
65,13 Going on 30,100,Comedy/Romance/Fantasy,2004,1,0,https://boxd.it/1X6e
240,Black Panther,100,Adventure/Science Fiction/Action,2018,1,0,https://boxd.it/8MHs
282,Iron Man 2,100,Adventure/Science Fiction/Action,2010,1,0,https://boxd.it/1WZM
447,Galaxy Quest,100,Comedy/Science Fiction/Adventure,1999,1,0,https://boxd.it/29gq
470,The Pink Panther,100,Crime/Adventure/Comedy/Mystery/Family,2006,1,0,https://boxd.it/1Sys
205,The Goonies,100,Adventure/Family/Comedy,1985,1,0,https://boxd.it/1YVC
267,The Hangover,100,Comedy,2009,1,0,https://boxd.it/1GjK
295,The Lego Movie,100,Family/Fantasy/Comedy/Animation/Adventure,2014,1,0,https://boxd.it/4pDO
404,Scooby-Doo 2: Monsters Unleashed,100,Mystery/Comedy/Adventure,2004,1,0,https://boxd.it/1UPA
411,Star Trek,100,Action/Science Fiction/Adventure,2009,1,0,https://boxd.it/1Q6c
49,Hearts Beat Loud,100,Drama/Family/Comedy/Music,2018,1,0,https://boxd.it/gReG
438,No Strings Attached,100,Romance/Comedy,2011,1,0,https://boxd.it/YUs
211,Close Encounters of the Third Kind,100,Science Fiction/Drama,1977,1,0,https://boxd.it/29u8
151,Pirates of the Caribbean: Dead Man's Chest,100,Action/Adventure/Fantasy,2006,2,1,https://boxd.it/2bfk
14,Rogue One: A Star Wars Story,100,Adventure/Action/Science Fiction,2016,1,0,https://boxd.it/aPvy
299,Grease,100,Romance/Comedy,1978,1,0,https://boxd.it/29YW
152,Pirates of the Caribbean: At World's End,100,Adventure/Action/Fantasy,2007,1,0,https://boxd.it/2aGu
274,Frozen,100,Fantasy/Animation/Adventure/Family,2013,1,0,https://boxd.it/3GNa
171,Return of the Jedi,100,Science Fiction/Adventure/Action,1983,1,0,https://boxd.it/27Vm
172,Star Wars: Episode II – Attack of the Clones,100,Science Fiction/Adventure/Action,2002,1,0,https://boxd.it/27V2
358,"O Brother, Where Art Thou?",100,Comedy/Adventure/Crime,2000,1,0,https://boxd.it/2b3I
47,The Favourite,100,Drama/Comedy/History,2018,2,1,https://boxd.it/d2hI
6,Spider-Man: Into the Spider-Verse,100,Adventure/Animation/Action/Science Fiction,2018,1,0,https://boxd.it/azpY
33,2001: A Space Odyssey,100,Science Fiction/Adventure/Mystery,1968,1,0,https://boxd.it/2bf0
129,Independence Day,100,Science Fiction/Adventure/Action,1996,2,1,https://boxd.it/2a1w
227,Ratatouille,100,Family/Fantasy/Animation/Comedy,2007,1,0,https://boxd.it/27ww
21,Inglourious Basterds,99,War/Drama/Thriller,2009,2,1,https://boxd.it/1JzG
328,Indiana Jones and the Last Crusade,94,Adventure/Action,1989,4,1,https://boxd.it/2baO
53,Ant-Man and the Wasp,85,Adventure/Action/Science Fiction,2018,2,1,https://boxd.it/cqUW
248,The Lord of the Rings: The Two Towers,84,Action/Fantasy/Adventure,2002,1,0,https://boxd.it/2b5E
27,The Shape of Water,74,Fantasy/Drama/Romance,2017,1,1,https://boxd.it/dZ5m
5,The Dark Knight,71,Thriller/Action/Crime,2008,1,0,https://boxd.it/2b0k
263,Juno,71,Comedy/Romance/Drama,2007,1,0,https://boxd.it/210a
355,Enchanted,71,Family/Fantasy/Comedy/Romance,2007,1,0,https://boxd.it/24co
124,Wild Strawberries,71,Drama,1957,1,0,https://boxd.it/29ZU
415,Bend It Like Beckham,71,Romance/Comedy/Drama,2002,1,0,https://boxd.it/2am0
441,Tron,71,Adventure/Action/Science Fiction,1982,1,0,https://boxd.it/2b9w
457,The Lizzie McGuire Movie,71,Family/Comedy,2003,2,1,https://boxd.it/1GoA
122,Jurassic Park,71,Science Fiction/Adventure,1993,1,0,https://boxd.it/2aA2
142,Rushmore,71,Comedy/Drama,1998,1,0,https://boxd.it/1TAO
167,Star Wars: Episode III – Revenge of the Sith,71,Science Fiction/Adventure/Action,2005,1,0,https://boxd.it/27US
80,Taylor Tomlinson: Look at You,71,Comedy,2022,4,2,https://boxd.it/zloW
320,Zoolander,71,Comedy,2001,1,0,https://boxd.it/1YMA
468,The Pacifier,71,Action/Family/Comedy,2005,1,0,https://boxd.it/1Xhm
81,Tommy Boy,71,Comedy,1995,1,0,https://boxd.it/1TZ0
105,John Mulaney: Baby J,71,Comedy,2023,1,0,https://boxd.it/FlAA
443,Anchorman 2: The Legend Continues,71,Comedy,2013,1,0,https://boxd.it/3GNk
233,Inside Out,70,Animation/Adventure/Comedy/Family/Drama,2015,1,0,https://boxd.it/4KHC
20,Glass Onion,68,Crime/Mystery/Comedy,2022,1,0,https://boxd.it/oCkK
117,James Acaster: Repertoire,68,Comedy,2018,1,1,https://boxd.it/iFXy
217,Mulholland Drive,64,Drama/Mystery/Thriller,2001,1,0,https://boxd.it/297o
251,Iron Man,61,Adventure/Science Fiction/Action,2008,1,1,https://boxd.it/28dA
168,The Empire Strikes Back,59,Science Fiction/Adventure/Action,1980,4,2,https://boxd.it/27Vw
169,Star Wars,59,Adventure/Science Fiction/Action,1977,1,0,https://boxd.it/72s
277,Ex Machina,59,Science Fiction/Drama,2015,2,1,https://boxd.it/7T2k
413,Remember the Titans,59,Drama,2000,2,1,https://boxd.it/1VLk
311,Singin' in the Rain,58,Comedy/Romance,1952,2,1,https://boxd.it/29oY
423,The Big Sick,57,Comedy/Romance/Drama,2017,3,2,https://boxd.it/eHvy
123,Labyrinth,57,Adventure/Family/Fantasy,1986,1,0,https://boxd.it/1POC
376,Chicken Run,56,Animation/Family/Comedy,2000,2,1,https://boxd.it/20Xg
462,Across the Universe,54,Fantasy/Romance/Drama,2007,1,0,https://boxd.it/23X4
146,Corpse Bride,54,Fantasy/Animation/Romance,2005,1,0,https://boxd.it/24WQ
192,Serenity,54,Science Fiction/Action/Adventure/Thriller,2005,1,0,https://boxd.it/1Km4
19,Knives Out,54,Mystery/Comedy/Crime,2019,1,0,https://boxd.it/jWEA
291,E.T. the Extra-Terrestrial,54,Adventure/Science Fiction/Family,1982,1,1,https://boxd.it/2a1G
29,The Girl with the Dragon Tattoo,49,Thriller/Drama/Mystery/Crime,2009,1,0,https://boxd.it/1Mb8
111,Mulan,49,Family/Animation/Adventure,1998,1,1,https://boxd.it/1VFw
194,X2,48,Science Fiction/Action/Adventure,2003,2,1,https://boxd.it/1a7i
312,Groundhog Day,44,Comedy/Fantasy/Romance,1993,1,1,https://boxd.it/2b3e
214,Marty Supreme,43,Thriller/Drama,2025,1,1,https://boxd.it/Off0
199,Office Space,43,Comedy,1999,1,1,https://boxd.it/28Em
408,Night at the Museum: Battle of the Smithsonian,36,Family/Adventure/Comedy/Fantasy/Action,2009,1,1,https://boxd.it/1H7U
300,Top Gun,34,Action/Romance/Drama,1986,1,1,https://boxd.it/29JC
324,Finding Dory,31,Adventure/Animation/Family,2016,1,2,https://boxd.it/4aAA
430,Spaceballs,31,Science Fiction/Comedy,1987,1,1,https://boxd.it/29cy
221,Stand by Me,29,Adventure/Drama,1986,1,1,https://boxd.it/2aOe
287,Kingsman: The Secret Service,29,Action/Comedy/Crime/Adventure,2014,1,1,https://boxd.it/6dxe
396,Flushed Away,29,Family/Adventure/Comedy/Animation,2006,1,1,https://boxd.it/1Tpm
336,Kick-Ass,29,Crime/Action,2010,1,1,https://boxd.it/1zaQ
276,Encanto,28,Comedy/Family/Fantasy/Animation,2021,1,1,https://boxd.it/kPRu
94,The Lonely Island Presents: The Unauthorized Bash Brothers Experience,28,Comedy/Music,2019,1,1,https://boxd.it/mihs
280,American Beauty,28,Drama,1999,1,1,https://boxd.it/71Y
112,Tig,27,Documentary,2015,2,1,https://boxd.it/ahPY
486,Nick and Norah's Infinite Playlist,27,Romance/Music/Comedy,2008,2,1,https://boxd.it/1Slo
161,The Day the Earth Stood Still,25,Drama/Thriller/Science Fiction,2008,2,1,https://boxd.it/1WQ6
293,Black Panther: Wakanda Forever,25,Science Fiction/Adventure/Action,2022,2,3,https://boxd.it/igPu
103,John Mulaney: The Comeback Kid,16,Documentary/TV Movie/Comedy,2015,1,1,https://boxd.it/cK4w
414,Tusk,14,Horror/Comedy,2014,2,2,https://boxd.it/7eoa
416,All About Eve,13,Drama,1950,1,1,https://boxd.it/29LI
155,The Imaginarium of Doctor Parnassus,10,Fantasy/Adventure/Mystery,2009,1,1,https://boxd.it/20DA
275,Moana,10,Animation/Adventure/Family/Comedy,2016,1,2,https://boxd.it/8tfY
159,Willy Wonka & the Chocolate Factory,9,Comedy/Family/Fantasy,1971,2,1,https://boxd.it/2aLu
356,The Prince of Egypt,8,Adventure/Family/Animation/Drama,1998,2,2,https://boxd.it/1XGQ
60,"I Love You, Man",5,Comedy/Romance,2009,1,1,https://boxd.it/1JZu
45,Kung Fury,0,Comedy/Science Fiction/Fantasy/Action,2015,0,0,https://boxd.it/7mSM
54,Captain Marvel,0,Science Fiction/Action/Adventure,2019,0,0,https://boxd.it/9vSA
63,Burn After Reading,0,Comedy/Drama,2008,0,0,https://boxd.it/23BW
66,Wallace & Gromit: The Curse of the Were-Rabbit,0,Adventure/Comedy/Animation/Family,2005,0,0,https://boxd.it/2ac0
73,El Camino: A Breaking Bad Movie,0,Crime/Drama/Thriller,2019,0,0,https://boxd.it/kv0q
76,Nimona,0,Science Fiction/Adventure/Fantasy/Animation/Family/Action,2023,0,0,https://boxd.it/Aiyc
78,Lady Bird,0,Comedy/Drama,2017,0,0,https://boxd.it/dGNE
83,School of Rock,0,Music/Family/Comedy,2003,0,0,https://boxd.it/28xK
84,Legally Blonde,0,Comedy,2001,0,0,https://boxd.it/1ZNa
87,Batman Begins,0,Crime/Action/Drama,2005,0,0,https://boxd.it/2aIg
89,Django Unchained,0,Drama/Western,2012,0,0,https://boxd.it/2cCk
91,Hannah Gadsby: Douglas,0,Comedy,2020,0,0,https://boxd.it/nHni
114,Tig Notaro: Happy to Be Here,0,Comedy,2018,0,0,https://boxd.it/iVKg
115,Set It Up,0,Comedy/Romance,2018,0,0,https://boxd.it/dpik
132,Demi Adejuyigbe: Is Going to Do One (1) Backflip,0,Comedy,2025,0,0,https://boxd.it/YiZK
135,Die Hard,0,Thriller/Action,1988,0,0,https://boxd.it/2a7u
147,Edward Scissorhands,0,Fantasy/Drama/Romance,1990,0,0,https://boxd.it/2aZc
156,Heathers,0,Comedy/Crime,1989,0,0,https://boxd.it/26x4
170,Star Wars: Episode I – The Phantom Menace,0,Science Fiction/Adventure/Action,1999,0,0,https://boxd.it/27Vc
173,Star Wars: The Rise of Skywalker,0,Adventure/Action/Science Fiction,2019,0,0,https://boxd.it/5xlK
184,The Intern,0,Comedy,2015,0,0,https://boxd.it/7AOE
186,The Wolf of Wall Street,0,Comedy/Drama/Crime,2013,0,0,https://boxd.it/3C1m
193,Shaun of the Dead,0,Horror/Comedy,2004,0,0,https://boxd.it/29J8
201,Fargo,0,Crime/Comedy/Drama/Thriller,1996,0,0,https://boxd.it/2aHM
209,The Karate Kid,0,Action/Drama/Family,1984,0,0,https://boxd.it/27Wk
213,Heathers: The Musical,0,Music/Comedy/Thriller,2022,0,0,https://boxd.it/zwe4
224,Forrest Gump,0,Drama/Romance/Comedy,1994,0,0,https://boxd.it/728
234,Harry Potter and the Philosopher's Stone,0,Adventure/Fantasy,2001,0,0,https://boxd.it/29QS
235,Back to the Future,0,Adventure/Comedy/Science Fiction,1985,0,0,https://boxd.it/2b8e
244,Harry Potter and the Goblet of Fire,0,Adventure/Fantasy,2005,0,0,https://boxd.it/29Qo
247,The Hunger Games: Catching Fire,0,Science Fiction/Adventure/Action,2013,0,0,https://boxd.it/3sAw
253,"Monsters, Inc.",0,Comedy/Animation/Family/Fantasy,2001,0,0,https://boxd.it/2a46
255,Spider-Man 2,0,Action/Science Fiction/Adventure,2004,0,0,https://boxd.it/2a88
258,The Nightmare Before Christmas,0,Family/Animation/Fantasy,1993,0,0,https://boxd.it/1YzQ
265,The Lion King,0,Animation/Drama/Family,1994,0,0,https://boxd.it/201Q
269,Trainspotting,0,Crime/Drama,1996,0,0,https://boxd.it/29XY
284,Iron Man 3,0,Action/Adventure/Science Fiction,2013,0,0,https://boxd.it/2cBQ
289,Pitch Perfect,0,Music/Comedy/Romance,2012,0,0,https://boxd.it/3OsE
310,Snowpiercer,0,Drama/Action/Science Fiction,2013,0,0,https://boxd.it/3Icg
318,Boyhood,0,Drama,2014,0,0,https://boxd.it/3178
321,The Emperor's New Groove,0,Comedy/Adventure/Animation/Family/Fantasy,2000,0,0,https://boxd.it/1Tey
322,Jumanji: Welcome to the Jungle,0,Action/Comedy/Fantasy/Adventure,2017,0,0,https://boxd.it/bUeE
330,X-Men: First Class,0,Science Fiction/Adventure/Action,2011,0,0,https://boxd.it/FOA
333,Napoleon Dynamite,0,Comedy,2004,0,0,https://boxd.it/20wu
335,Indiana Jones and the Temple of Doom,0,Adventure/Action,1984,0,0,https://boxd.it/2bb8
340,High School Musical,0,Comedy/Family/TV Movie/Romance/Music,2006,0,0,https://boxd.it/1V0y
354,The Fifth Element,0,Adventure/Action/Science Fiction,1997,0,0,https://boxd.it/71k
364,Anchorman: The Legend of Ron Burgundy,0,Comedy,2004,0,0,https://boxd.it/1ZVo
368,Pitch Perfect 2,0,Comedy/Music,2015,0,0,https://boxd.it/7tNa
369,X-Men: The Last Stand,0,Science Fiction/Action/Adventure,2006,0,0,https://boxd.it/1a5Q
370,TRON: Legacy,0,Adventure/Science Fiction/Action,2010,0,0,https://boxd.it/1Dlo
383,Life of Brian,0,Comedy,1979,0,0,https://boxd.it/2a4q
392,West Side Story,0,Romance/Drama/Crime,1961,0,0,https://boxd.it/28dK
429,Spirit: Stallion of the Cimarron,0,Adventure/Animation/Western/Drama/Family,2002,0,0,https://boxd.it/1Zmo
439,Dr. No,0,Action/Thriller/Adventure,1962,0,0,https://boxd.it/29UU
442,Ben-Hur,0,Drama/History/Adventure,1959,0,0,https://boxd.it/29RQ
465,Moonage Daydream,0,Documentary/Music,2022,0,0,https://boxd.it/A8Co
469,White Christmas,0,Comedy/Music/Romance,1954,0,0,https://boxd.it/1Qky
473,Santa Claus Is Comin' to Town,0,TV Movie/Family/Fantasy/Animation,1970,0,0,https://boxd.it/1QfI
477,Frosty Returns,0,Animation/Family/TV Movie,1992,0,0,https://boxd.it/1qok
487,Deep Blue Sea,0,Action/Horror/Science Fiction,1999,0,0,https://boxd.it/1ZBo
488,Time Bandits,0,Family/Science Fiction/Fantasy/Comedy/Adventure,1981,0,0,https://boxd.it/19KI
490,The Sorcerer's Apprentice,0,Fantasy/Action/Adventure,2010,0,0,https://boxd.it/1sGg
494,Saved!,0,Comedy,2004,0,0,https://boxd.it/1QCM
498,The Ten Commandments,0,History/Drama,1956,0,0,https://boxd.it/21mg
511,Is God Is,0,Drama/Thriller,2026,0,0,https://boxd.it/R80o
516,Babette's Feast,0,History/Comedy/Drama,1987,0,0,https://boxd.it/1SYU
400,Peter Pan,0,Fantasy/Animation/Family/Adventure,1953,1,1,https://boxd.it/1VCC
210,Tootsie,0,Comedy/Romance,1982,1,1,https://boxd.it/1YkG
108,Dumplin',0,Drama/Comedy,2018,1,1,https://boxd.it/gXcc
495,Piper,0,Animation/Family,2016,1,1,https://boxd.it/dZaG
472,The Santa Clause 2,-8,Fantasy/Comedy/Family,2002,3,3,https://boxd.it/1ZmI
431,Zathura: A Space Adventure,-11,Adventure/Family/Science Fiction,2005,1,1,https://boxd.it/21mq
136,Fast Times at Ridgemont High,-19,Drama/Romance/Comedy,1982,1,1,https://boxd.it/1QnM
61,The Mask,-20,Fantasy/Romance/Crime/Comedy,1994,1,1,https://boxd.it/29rS
379,Percy Jackson & the Olympians: The Lightning Thief,-20,Adventure/Fantasy/Family,2010,1,1,https://boxd.it/1gJi
332,Into the Wild,-20,Drama/Adventure,2007,2,3,https://boxd.it/22m2
127,Cries and Whispers,-21,Drama,1972,1,2,https://boxd.it/1WK8
72,Taylor Tomlinson: Have It All,-22,Comedy,2024,1,1,https://boxd.it/KDH0
181,Thelma,-23,Adventure/Comedy/Action,2024,3,3,https://boxd.it/DOou
23,Materialists,-23,Romance/Drama,2025,1,2,https://boxd.it/GZlW
140,The Royal Tenenbaums,-25,Drama/Comedy,2001,1,2,https://boxd.it/1YHU
43,Coco,-26,Adventure/Animation/Music/Family,2017,1,1,https://boxd.it/bYJQ
372,Yesterday,-28,Comedy/Fantasy/Romance/Music,2019,1,1,https://boxd.it/iF7M
174,It's a Wonderful Life,-28,Family/Fantasy/Drama,1946,1,1,https://boxd.it/28xA
446,Babe,-28,Drama/Family/Fantasy/Comedy,1995,1,1,https://boxd.it/1Yh8
514,Mary Oliver: Saved by the Beauty of the World,-28,Documentary,2026,1,1,https://boxd.it/10S5i
3,Home Alone,-28,Family/Comedy,1990,1,1,https://boxd.it/29Fg
119,Rent,-28,Drama/Romance,2005,1,1,https://boxd.it/2844
349,The Theory of Everything,-29,Romance/Drama,2014,1,1,https://boxd.it/7YtA
34,The Handmaid's Tale,-32,Drama/Science Fiction,1990,1,2,https://boxd.it/1CS2
10,Barbie,-32,Comedy/Fantasy/Adventure,2023,1,1,https://boxd.it/bCLK
207,Amadeus,-34,Drama/History/Music,1984,1,1,https://boxd.it/2aH8
79,Taylor Tomlinson: Quarter-Life Crisis,-38,Comedy,2020,1,1,https://boxd.it/p17c
316,"The Chronicles of Narnia: The Lion, the Witch and the Wardrobe",-38,Fantasy/Family/Adventure,2005,0,1,https://boxd.it/2ark
55,Frozen II,-39,Comedy/Animation/Adventure/Fantasy/Family,2019,1,1,https://boxd.it/aPvo
410,Popstar: Never Stop Never Stopping,-41,Comedy/Music,2016,1,1,https://boxd.it/blDa
95,The Road to El Camino: Behind the Scenes of El Camino: A Breaking Bad Movie,-41,Documentary,2019,1,2,https://boxd.it/zes8
288,Thor,-42,Action/Adventure/Fantasy,2011,1,2,https://boxd.it/1WQU
407,Neighbors,-43,Comedy,2014,1,2,https://boxd.it/5Txe
219,Spider-Man: Homecoming,-44,Action/Adventure/Science Fiction,2017,1,2,https://boxd.it/aboM
481,The Snowman,-45,Family/Fantasy/Adventure/Animation,1982,0,1,https://boxd.it/1Qgm
238,Guardians of the Galaxy,-45,Adventure/Action/Science Fiction,2014,2,2,https://boxd.it/3VH2
492,Star Trek: The Motion Picture,-47,Mystery/Science Fiction/Adventure,1979,1,2,https://boxd.it/2b0O
309,Freaky Friday,-49,Comedy/Family/Fantasy,2003,1,1,https://boxd.it/1WwK
212,Cruel Intentions,-50,Romance/Drama,1999,1,2,https://boxd.it/29Be
109,Trevor Noah: Son of Patricia,-51,Comedy/TV Movie,2018,1,1,https://boxd.it/kqWY
196,Hannibal,-54,Thriller/Drama/Horror/Crime,2001,0,1,https://boxd.it/1XVc
454,The Sword in the Stone,-54,Family/Animation/Fantasy,1963,1,2,https://boxd.it/1ZdG
362,Friends with Benefits,-54,Comedy/Romance,2011,1,2,https://boxd.it/DoK
202,Braveheart,-56,Action/History/Drama/War,1995,1,1,https://boxd.it/2aTI
510,The Devil Wears Prada 2,-57,Comedy/Drama,2026,1,1,https://boxd.it/Oags
515,The Outsiders,-59,Drama/Crime,1983,0,1,https://boxd.it/2aPw
452,March of the Penguins,-60,Family/Documentary,2005,1,2,https://boxd.it/28lE
279,Birdman or (The Unexpected Virtue of Ignorance),-62,Drama/Comedy,2014,1,3,https://boxd.it/5RFA
107,"Ken Jeong: You Complete Me, Ho",-64,Comedy/Documentary,2019,0,1,https://boxd.it/l4D8
397,Forgetting Sarah Marshall,-64,Drama/Comedy/Romance,2008,0,1,https://boxd.it/1XEq
145,Jurassic World,-64,Adventure/Thriller/Science Fiction,2015,1,2,https://boxd.it/4n0g
208,The Terminator,-65,Action/Thriller/Science Fiction,1984,1,2,https://boxd.it/2aQY
58,Barbie as The Princess & the Pauper,-66,Comedy/Animation/Family,2004,0,1,https://boxd.it/1MGU
64,Wallace & Gromit: Vengeance Most Fowl,-67,Adventure/Comedy/Animation/Science Fiction/Family,2024,0,1,https://boxd.it/z14C
338,Shrek the Third,-67,Adventure/Comedy/Fantasy/Family/Animation,2007,0,1,https://boxd.it/29yY
144,Hotel Chevalier,-68,Drama/Romance,2007,1,1,https://boxd.it/21Ic
232,Harry Potter and the Prisoner of Azkaban,-68,Adventure/Fantasy,2004,1,1,https://boxd.it/29Qy
223,10 Things I Hate About You,-71,Comedy/Drama/Romance,1999,0,1,https://boxd.it/23AO
345,Transformers,-71,Action/Science Fiction/Adventure,2007,1,2,https://boxd.it/280c
17,The Lost World: Jurassic Park,-71,Science Fiction/Action/Adventure,1997,0,1,https://boxd.it/2azS
467,"It's the Great Pumpkin, Charlie Brown",-71,Comedy/Animation/TV Movie/Family,1966,0,1,https://boxd.it/1Qmu
341,The Help,-71,Drama,2011,0,1,https://boxd.it/EDm
378,Spring Breakers,-71,Drama/Crime,2012,0,1,https://boxd.it/421s
308,The Princess and the Frog,-71,Romance/Family/Animation/Fantasy,2009,0,1,https://boxd.it/1WQq
102,Ek Ladki Ko Dekha Toh Aisa Laga,-71,Romance/Drama,2019,0,1,https://boxd.it/jp1g
206,Highlander,-71,Action/Adventure/Fantasy,1986,0,1,https://boxd.it/20GE
261,The Dark Knight Rises,-71,Thriller/Crime/Drama/Action,2012,0,1,https://boxd.it/H3m
281,Spider-Man 3,-71,Science Fiction/Action/Adventure,2007,0,1,https://boxd.it/2a7Y
508,The Devil Wears Prada,-71,Comedy/Drama,2006,0,1,https://boxd.it/2awE
131,Dungeons & Dragons: Honor Among Thieves,-73,Fantasy/Adventure/Comedy,2023,1,2,https://boxd.it/hN1A
98,Nikki Glaser: Bangin',-74,Comedy,2019,0,1,https://boxd.it/nzm2
141,The Darjeeling Limited,-75,Comedy/Adventure/Drama,2007,2,3,https://boxd.it/24as
314,Life Is Beautiful,-76,Comedy/Drama,1997,0,1,https://boxd.it/29Wm
190,The Social Network,-76,Drama,2010,1,2,https://boxd.it/17ue
120,Bridesmaids,-84,Comedy/Romance,2011,2,3,https://boxd.it/rac
130,The Day After Tomorrow,-84,Thriller/Science Fiction/Adventure,2004,0,1,https://boxd.it/2aog
183,Moonlight,-91,Drama,2016,0,1,https://boxd.it/d6bE
386,Space Jam,-92,Family/Fantasy/Comedy/Animation/Science Fiction,1996,1,2,https://boxd.it/26YO
399,To Kill a Mockingbird,-92,Drama,1962,0,2,https://boxd.it/2a2E
339,Moana 2,-94,Comedy/Fantasy/Animation/Adventure/Family,2024,0,1,https://boxd.it/LcjW
313,Ice Age,-99,Comedy/Adventure/Family/Animation,2002,1,3,https://boxd.it/2apS
480,The Santa Clause 3: The Escape Clause,-100,Comedy/Family/Adventure,2006,0,1,https://boxd.it/1Psw
30,Star Wars: The Force Awakens,-100,Action/Adventure/Science Fiction,2015,1,2,https://boxd.it/4vru
7,Get Out,-100,Horror/Mystery/Thriller,2017,0,1,https://boxd.it/eOCm
11,The Blues Brothers,-100,Music/Comedy/Crime,1980,0,1,https://boxd.it/2adi
40,Olaf's Frozen Adventure,-100,Animation/Adventure/Fantasy/Family/Comedy,2017,0,1,https://boxd.it/gtkg
390,Hook,-100,Comedy/Adventure/Fantasy/Family,1991,0,1,https://boxd.it/29nQ
271,Captain America: The First Avenger,-100,Action/Adventure/Science Fiction,2011,0,1,https://boxd.it/28b0
388,Over the Hedge,-100,Animation/Family/Adventure/Comedy,2006,0,1,https://boxd.it/20QY
435,A Christmas Story,-100,Family/Comedy,1983,0,1,https://boxd.it/29sw
458,Jumper,-100,Science Fiction/Adventure/Action,2008,0,1,https://boxd.it/20ss
444,You Don't Mess with the Zohan,-100,Action/Comedy,2008,0,1,https://boxd.it/1VHs
455,How the Grinch Stole Christmas!,-100,Comedy/Animation/Family,1966,0,1,https://boxd.it/1Qj6
97,Jenny Slate: Stage Fright,-100,Comedy,2019,1,2,https://boxd.it/nEik
285,Kung Fu Panda,-100,Comedy/Family/Animation/Action,2008,0,1,https://boxd.it/1Yws
479,The Many Adventures of Winnie the Pooh,-100,Adventure/Animation/Family,1977,0,1,https://boxd.it/7l0Y
18,Jurassic Park III,-100,Science Fiction/Thriller/Adventure,2001,0,1,https://boxd.it/2azI
126,Through a Glass Darkly,-100,Drama,1961,0,1,https://boxd.it/1TrW
185,The Martian,-100,Drama/Science Fiction/Adventure,2015,0,1,https://boxd.it/8SeG
424,Pitch Perfect 3,-100,Music/Comedy,2017,0,1,https://boxd.it/bUre
485,Batman: The Killing Joke,-100,Drama/Crime/Animation,2016,0,1,https://boxd.it/djxe
41,Arthur Christmas,-100,Animation/Drama/Family/Comedy,2011,0,1,https://boxd.it/Cg6
90,Sam Jay: 3 in the Morning,-100,Comedy,2020,0,1,https://boxd.it/rbhK
478,Miracle on 34th Street,-100,Comedy/Drama/Family,1947,0,1,https://boxd.it/1SRu
154,Into the Woods,-100,Comedy/Fantasy,2014,0,1,https://boxd.it/6DtW
367,Indiana Jones and the Kingdom of the Crystal Skull,-100,Adventure/Action,2008,0,1,https://boxd.it/2aR8
31,Guardians of the Galaxy Vol. 2,-100,Action/Science Fiction/Adventure,2017,0,1,https://boxd.it/8MxC
59,Joseph and the Amazing Technicolor Dreamcoat,-100,Family,1999,0,1,https://boxd.it/1xYu
70,Hot Frosty,-100,Romance/Comedy,2024,0,1,https://boxd.it/NeBM
139,Moonrise Kingdom,-100,Romance/Drama/Comedy,2012,0,1,https://boxd.it/2Wng
143,The Life Aquatic with Steve Zissou,-100,Comedy/Adventure/Drama,2004,0,1,https://boxd.it/2aqw
153,Public Enemies,-100,History/Crime/Drama,2009,0,1,https://boxd.it/1U8m
216,People We Meet on Vacation,-100,Comedy/Romance,2026,0,1,https://boxd.it/D8ME
230,The Hunger Games,-100,Action/Science Fiction/Thriller/Adventure,2012,0,1,https://boxd.it/2uds
239,Up,-100,Adventure/Family/Animation/Comedy,2009,0,1,https://boxd.it/1OEc
243,The Avengers,-100,Science Fiction/Adventure/Action,2012,0,1,https://boxd.it/1xFW
254,Finding Nemo,-100,Adventure/Family/Animation,2003,0,1,https://boxd.it/72i
268,Avengers: Age of Ultron,-100,Science Fiction/Action/Adventure,2015,0,1,https://boxd.it/3qi6
366,X-Men Origins: Wolverine,-100,Science Fiction/Adventure/Action,2009,0,1,https://boxd.it/27ug
420,Nymphomaniac: Vol. I,-100,Drama,2013,0,1,https://boxd.it/7DiG
432,Blazing Saddles,-100,Western/Comedy,1974,0,1,https://boxd.it/1UHQ
475,Frosty the Snowman,-100,TV Movie/Family/Animation,1969,0,1,https://boxd.it/1PEC
164,Stargate: The Ark of Truth,-100,Science Fiction/Adventure/TV Movie/Action,2008,0,1,https://boxd.it/1R3e
13,Zootopia,-100,Animation/Family/Comedy/Adventure,2016,0,1,https://boxd.it/84xS
37,The Lord of the Rings: The Fellowship of the Ring,-100,Adventure/Action/Fantasy,2001,0,1,https://boxd.it/2b5O
46,Thor: Ragnarok,-100,Comedy/Adventure/Science Fiction/Action,2017,0,1,https://boxd.it/8MHi
301,Brave,-100,Animation/Family/Fantasy/Adventure,2012,0,1,https://boxd.it/bVG
306,Back to the Future Part II,-100,Science Fiction/Comedy/Adventure,1989,0,1,https://boxd.it/2aYI
460,A Grand Day Out,-102,Adventure/Animation/Comedy/Science Fiction/Family,1989,1,4,https://boxd.it/2acu
428,John Tucker Must Die,-105,Romance/Comedy,2006,0,1,https://boxd.it/1Z2S
110,Jen Kirkman: Just Keep Livin'?,-109,Comedy,2017,1,2,https://boxd.it/flZo
375,Bruce Almighty,-114,Comedy/Fantasy,2003,1,3,https://boxd.it/2aCC
393,Transformers: Revenge of the Fallen,-116,Action/Adventure/Science Fiction,2009,0,2,https://boxd.it/20gG
191,300,-118,Action/War/Adventure,2006,0,1,https://boxd.it/28XI
403,Holes,-120,Drama/Comedy/Adventure/Family,2003,0,1,https://boxd.it/20mE
270,"Crazy, Stupid, Love.",-121,Comedy/Romance/Drama,2011,0,1,https://boxd.it/D9A
325,Ted,-122,Comedy/Fantasy,2012,1,2,https://boxd.it/2pgc
418,Hancock,-122,Fantasy/Action,2008,0,1,https://boxd.it/1Zv6
497,Eragon,-122,Family/Adventure/Fantasy/Action,2006,0,1,https://boxd.it/26Fs
451,Winged Migration,-128,Documentary,2001,0,1,https://boxd.it/1TFu
384,The Karate Kid,-130,Drama/Action/Family/Adventure,2010,0,1,https://boxd.it/15HA
148,Dark Shadows,-131,Comedy/Fantasy,2012,1,5,https://boxd.it/bQ2
15,Friendship,-132,Comedy/Drama,2024,0,2,https://boxd.it/L6Dc
197,X-Men,-134,Science Fiction/Action/Adventure,2000,0,2,https://boxd.it/1a7s
262,Shrek 2,-138,Romance/Family/Comedy/Animation/Fantasy,2004,0,2,https://boxd.it/29z8
158,Wonka,-142,Fantasy/Family/Comedy,2023,0,2,https://boxd.it/tCQm
166,Stargate SG-1: Children of the Gods,-147,TV Movie/Action/Drama/Adventure/Science Fiction,2009,0,2,https://boxd.it/twym
113,Hannah Gadsby: Nanette,-148,Comedy,2018,1,3,https://boxd.it/jfyE
437,Star Trek Into Darkness,-148,Science Fiction/Adventure/Action,2013,0,2,https://boxd.it/uYE
377,Ice Age: The Meltdown,-148,Adventure/Family/Comedy/Animation,2006,0,2,https://boxd.it/2wRk
51,Disobedience,-148,Drama/Romance,2017,0,2,https://boxd.it/ePFG
195,Vanilla Sky,-148,Romance/Science Fiction/Mystery,2001,1,2,https://boxd.it/27TK
491,Star Trek II: The Wrath of Khan,-150,Action/Thriller/Science Fiction/Adventure,1982,0,2,https://boxd.it/2b0u
359,This Is the End,-151,Comedy/Action,2013,0,1,https://boxd.it/3GB4
32,Wonder Woman,-157,Action/Fantasy/Adventure,2017,0,1,https://boxd.it/9roG
315,The Hobbit: An Unexpected Journey,-158,Fantasy/Action/Adventure,2012,0,2,https://boxd.it/GZk
434,A Charlie Brown Christmas,-163,Family/Comedy/TV Movie/Animation,1965,1,3,https://boxd.it/1QDq
464,Why Him?,-164,Comedy,2016,0,1,https://boxd.it/c3Wq
357,The 40 Year Old Virgin,-166,Romance/Comedy,2005,1,3,https://boxd.it/21hK
445,Nymphomaniac: Vol. II,-167,Mystery/Drama,2013,0,2,https://boxd.it/7j9Y
294,Now You See Me,-170,Thriller/Crime,2013,0,2,https://boxd.it/2Bsu
249,Harry Potter and the Chamber of Secrets,-170,Adventure/Fantasy,2002,0,2,https://boxd.it/29QI
264,Harry Potter and the Half-Blood Prince,-171,Adventure/Fantasy,2009,0,2,https://boxd.it/29FU
512,Wicked: For Good,-171,Adventure/Fantasy/Romance,2025,0,2,https://boxd.it/AyfK
450,Nanny McPhee,-171,Family/Comedy/Fantasy,2005,0,2,https://boxd.it/1Uek
272,The Great Gatsby,-171,Drama/Romance,2013,0,2,https://boxd.it/JY
257,Harry Potter and the Deathly Hallows: Part 2,-171,Fantasy/Adventure,2011,0,2,https://boxd.it/1RYk
353,The Hangover Part II,-171,Comedy,2011,0,2,https://boxd.it/PZI
351,Bee Movie,-171,Comedy/Family/Animation/Adventure,2007,0,2,https://boxd.it/22Vw
398,Pineapple Express,-171,Crime/Action/Comedy,2008,0,2,https://boxd.it/1WRS
133,Knocked Up,-171,Drama/Romance/Comedy,2007,0,2,https://boxd.it/23yS
93,Sitara: Let Girls Dream,-171,Drama/Animation,2019,0,2,https://boxd.it/ocom
382,The Hangover Part III,-171,Comedy,2013,0,2,https://boxd.it/3GNY
409,Lemony Snicket's A Series of Unfortunate Events,-171,Adventure/Family/Comedy,2004,0,2,https://boxd.it/1T7s
476,The Little Drummer Boy,-171,TV Movie/Animation/Family/Drama,1968,0,2,https://boxd.it/1Gds
88,Mike Birbiglia: What I Should Have Said Was Nothing,-171,Comedy,2008,0,2,https://boxd.it/qXi
422,Lincoln,-171,History/Drama,2012,0,2,https://boxd.it/2n2s
242,WALL·E,-175,Animation/Science Fiction/Family,2008,0,3,https://boxd.it/1VEo
278,Love Actually,-175,Romance/Drama/Comedy,2003,0,3,https://boxd.it/2aeU
165,Stargate: Continuum,-186,Science Fiction/Adventure/TV Movie/Action,2008,0,2,https://boxd.it/1R4w
501,Troll Hunter,-187,Fantasy/Horror,2010,0,2,https://boxd.it/NQY
50,Incredibles 2,-188,Family/Action/Animation/Adventure,2018,0,2,https://boxd.it/7IPg
406,Transformers: Dark of the Moon,-189,Adventure/Action/Science Fiction,2011,0,2,https://boxd.it/16aC
99,Seth Meyers: Lobby Baby,-191,Comedy,2019,0,2,https://boxd.it/nPXI
502,Beethoven,-191,Comedy/Family,1992,0,2,https://boxd.it/1T36
394,Ice Age: Dawn of the Dinosaurs,-192,Comedy/Adventure/Animation/Family,2009,0,2,https://boxd.it/20iC
290,Kiki's Delivery Service,-197,Fantasy/Animation/Family,1989,0,2,https://boxd.it/1JAY
505,The Pink Panther,-197,Crime/Comedy,1963,0,3,https://boxd.it/29eO
327,World War Z,-198,Action/Science Fiction/Horror,2013,0,2,https://boxd.it/2p2E
182,Crazy Rich Asians,-200,Romance/Comedy,2018,0,2,https://boxd.it/gfnK
52,Mary Queen of Scots,-200,Drama/History,2018,0,2,https://boxd.it/gkaG
499,Jimmy Neutron: Boy Genius,-200,Animation/Comedy/Adventure/Science Fiction/Family,2001,0,2,https://boxd.it/1RDm
77,Bo Burnham: Inside,-200,Comedy,2021,0,2,https://boxd.it/v2uy
482,Rudolph's Shiny New Year,-200,Comedy/Fantasy/Animation/Family/TV Movie,1976,0,2,https://boxd.it/1m3i
483,Rudolph and Frosty's Christmas in July,-205,Family/Fantasy/Animation/TV Movie,1979,0,3,https://boxd.it/128s
74,Blockers,-207,Comedy,2018,0,3,https://boxd.it/fxEW
500,Chitty Chitty Bang Bang,-207,Comedy/Family/Adventure/Fantasy,1968,0,3,https://boxd.it/1Tbu
222,"Good Luck, Have Fun, Don't Die",-208,Action/Science Fiction/Comedy,2025,0,2,https://boxd.it/Glua
259,Harry Potter and the Order of the Phoenix,-212,Adventure/Fantasy,2007,1,4,https://boxd.it/29Qe
1,Wicked,-215,Romance/Drama/Fantasy,2024,0,3,https://boxd.it/e8ME
177,Elf,-220,Fantasy/Family/Comedy,2003,0,2,https://boxd.it/1VyK
302,Thor: The Dark World,-221,Action/Adventure/Fantasy,2013,0,3,https://boxd.it/2DqA
453,About a Boy,-225,Drama/Romance/Comedy,2002,0,3,https://boxd.it/2aMC
237,Avatar,-225,Adventure/Science Fiction/Action,2009,0,3,https://boxd.it/1Efm
228,Avengers: Infinity War,-225,Action/Science Fiction/Adventure,2018,0,3,https://boxd.it/9vEe
342,Back to the Future Part III,-225,Comedy/Adventure/Science Fiction/Western,1990,0,3,https://boxd.it/2aTS
101,Aziz Ansari: Right Now,-236,Comedy/TV Movie/Documentary,2019,0,3,https://boxd.it/mHgu
506,Curse of the Pink Panther,-243,Crime/Comedy/Mystery,1983,0,4,https://boxd.it/1aig
363,Snow White and the Seven Dwarfs,-245,Family/Fantasy/Animation,1937,0,3,https://boxd.it/2arO
334,The Hobbit: The Desolation of Smaug,-248,Action/Fantasy/Adventure,2013,0,3,https://boxd.it/nmS
496,Vampires Suck,-250,Fantasy/Comedy,2010,0,3,https://boxd.it/125y
304,Zombieland,-250,Comedy/Horror,2009,0,3,https://boxd.it/1En6
405,Wedding Crashers,-251,Comedy/Romance,2005,0,3,https://boxd.it/1Yte
374,Troy,-254,Action/History/War,2004,0,3,https://boxd.it/29TW
162,The Day the Earth Stood Still,-256,Science Fiction/Thriller/Drama,1951,0,3,https://boxd.it/29w4
92,Deon Cole: Cole Hearted,-265,Comedy,2019,0,3,https://boxd.it/nF7C
440,Ghostbusters II,-266,Comedy/Fantasy,1989,0,3,https://boxd.it/261s
360,Alice in Wonderland,-272,Fantasy/Animation/Family/Adventure,1951,0,3,https://boxd.it/1Sz6
42,Paradox,-273,Music/Fantasy,2018,0,4,https://boxd.it/i83M
381,Chicken Little,-283,Animation/Comedy/Family,2005,1,3,https://boxd.it/1Xnu
116,Ali Wong: Hard Knock Wife,-286,Comedy,2018,0,4,https://boxd.it/iMFG
204,The Bucket List,-288,Drama/Comedy,2007,0,4,https://boxd.it/20Ye
344,The Hobbit: The Battle of the Five Armies,-291,Fantasy/Action/Adventure,2014,0,4,https://boxd.it/43aU
503,Super Troopers,-297,Comedy/Crime/Mystery,2001,0,4,https://boxd.it/12Rs
25,Big Shark,-304,Comedy/Horror,2023,0,4,https://boxd.it/llbK
